{
  "ablation_vs_baseline": {
    "fixed_200ms_best": {
      "base_tuning": "adaptive_bias",
      "delta_mean_score": -3.410000000000011,
      "delta_win_rate": -0.04000000000000001
    },
    "fixed_400ms_best": {
      "base_tuning": "adaptive_bias",
      "delta_mean_score": 0.28000000000000114,
      "delta_win_rate": 0.025000000000000022
    },
    "fixed_50ms_best": {
      "base_tuning": "adaptive_bias",
      "delta_mean_score": -0.030000000000001137,
      "delta_win_rate": 0.015000000000000013
    }
  },
  "budget_compliance": {
    "adaptive_bias": {
      "actual_ms": 169.02103879026956,
      "configured_ms": 200,
      "diff_ms": -30.978961209730443,
      "max_ms": 245.0,
      "p50_ms": 200.0,
      "p95_ms": 202.0,
      "simulations_per_move": 2400.378698224852
    },
    "fixed_200ms_best": {
      "actual_ms": 169.11209239130434,
      "configured_ms": 200,
      "diff_ms": -30.887907608695656,
      "max_ms": 259.0,
      "p50_ms": 200.0,
      "p95_ms": 202.0,
      "simulations_per_move": 2355.177989130435
    },
    "fixed_400ms_best": {
      "actual_ms": 165.97079818299807,
      "configured_ms": 200,
      "diff_ms": -34.02920181700193,
      "max_ms": 220.0,
      "p50_ms": 200.0,
      "p95_ms": 202.0,
      "simulations_per_move": 2380.5399091499025
    },
    "fixed_50ms_best": {
      "actual_ms": 167.93775100401606,
      "configured_ms": 200,
      "diff_ms": -32.062248995983936,
      "max_ms": 226.0,
      "p50_ms": 200.0,
      "p95_ms": 202.0,
      "simulations_per_move": 2342.383534136546
    }
  },
  "configured_time_ms": 200,
  "rankings": [
    {
      "avg_sims": 2380.5399091499025,
      "avg_time_ms": 165.97079818299807,
      "games_played": 100.0,
      "max_time_ms": 220.0,
      "mean_score": 75.65,
      "name": "fixed_400ms_best",
      "p50_time_ms": 200.0,
      "p95_time_ms": 202.0,
      "rank_score": 65.325,
      "win_rate": 0.275,
      "win_rate_ci_lower": 0.19703868861332055,
      "win_rate_ci_upper": 0.3696089747508804
    },
    {
      "avg_sims": 2342.383534136546,
      "avg_time_ms": 167.93775100401606,
      "games_played": 100.0,
      "max_time_ms": 226.0,
      "mean_score": 75.34,
      "name": "fixed_50ms_best",
      "p50_time_ms": 200.0,
      "p95_time_ms": 202.0,
      "rank_score": 64.17,
      "win_rate": 0.265,
      "win_rate_ci_lower": 0.18836356569056933,
      "win_rate_ci_upper": 0.35902399382315164
    },
    {
      "avg_sims": 2400.378698224852,
      "avg_time_ms": 169.02103879026956,
      "games_played": 100.0,
      "max_time_ms": 245.0,
      "mean_score": 75.37,
      "name": "adaptive_bias",
      "p50_time_ms": 200.0,
      "p95_time_ms": 202.0,
      "rank_score": 62.685,
      "win_rate": 0.25,
      "win_rate_ci_lower": 0.1754509400372426,
      "win_rate_ci_upper": 0.3430464637007583
    },
    {
      "avg_sims": 2355.177989130435,
      "avg_time_ms": 169.11209239130434,
      "games_played": 100.0,
      "max_time_ms": 259.0,
      "mean_score": 71.96,
      "name": "fixed_200ms_best",
      "p50_time_ms": 200.0,
      "p95_time_ms": 202.0,
      "rank_score": 56.98,
      "win_rate": 0.21,
      "win_rate_ci_lower": 0.14165549531645788,
      "win_rate_ci_upper": 0.2998014930196232
    }
  ],
  "tunings_set": "adaptive_vs_best_fixed"
}
