{
  "n_seeds": 5,
  "underpowered": false,
  "base_tuning": "adaptive_bias",
  "tunings_set": "adaptive_vs_best_fixed",
  "metrics": {
    "fixed_400ms_best": {
      "win_rate_mean": 0.26633333333333337,
      "win_rate_se": 0.013503086067019401,
      "win_rate_ci_lower": 0.22884275611749275,
      "win_rate_ci_upper": 0.30382391054917396,
      "mean_score": 75.292,
      "mean_rank": 64.27933333333333,
      "p95_mean": 201.8,
      "p95_max": 202.0,
      "sims_mean": 2322.031694920036,
      "beats_baseline_in_seeds": 4,
      "pairwise_wpct_mean": 0.526,
      "dominance_score": 3
    },
    "fixed_200ms_best": {
      "win_rate_mean": 0.2543333333333333,
      "win_rate_se": 0.01954055611627605,
      "win_rate_ci_lower": 0.20008005195145576,
      "win_rate_ci_upper": 0.30858661471521087,
      "mean_score": 74.05000000000001,
      "mean_rank": 62.458333333333336,
      "p95_mean": 202.0,
      "p95_max": 202.0,
      "sims_mean": 2297.133526427348,
      "beats_baseline_in_seeds": 2,
      "pairwise_wpct_mean": 0.497,
      "dominance_score": 2
    },
    "adaptive_bias": {
      "win_rate_mean": 0.23866666666666667,
      "win_rate_se": 0.013327081867802536,
      "win_rate_ci_lower": 0.20166475544823598,
      "win_rate_ci_upper": 0.27566857788509735,
      "mean_score": 74.252,
      "mean_rank": 60.992666666666665,
      "p95_mean": 201.8,
      "p95_max": 202.0,
      "sims_mean": 2309.857402425899,
      "beats_baseline_in_seeds": 0,
      "pairwise_wpct_mean": 0.49300000000000005,
      "dominance_score": 1
    },
    "fixed_50ms_best": {
      "win_rate_mean": 0.24066666666666667,
      "win_rate_se": 0.02253762286587573,
      "win_rate_ci_lower": 0.178092193977912,
      "win_rate_ci_upper": 0.3032411393554213,
      "mean_score": 73.776,
      "mean_rank": 60.954666666666675,
      "p95_mean": 201.87999999999997,
      "p95_max": 202.0,
      "sims_mean": 2297.260111204424,
      "beats_baseline_in_seeds": 3,
      "pairwise_wpct_mean": 0.484,
      "dominance_score": 0
    }
  }
}