{
  "n_seeds": 5,
  "underpowered": false,
  "base_tuning": "adaptive_bias",
  "tunings_set": "adaptive_vs_best_fixed",
  "metrics": {
    "fixed_200ms_best": {
      "win_rate_mean": 0.2799999999999999,
      "win_rate_se": 0.013784048752090222,
      "win_rate_ci_lower": 0.2417293453124512,
      "win_rate_ci_upper": 0.3182706546875486,
      "mean_score": 74.494,
      "mean_rank": 65.247,
      "p95_mean": 404.0,
      "p95_max": 406.0,
      "sims_mean": 2923.9458122119004,
      "beats_baseline_in_seeds": 4,
      "pairwise_wpct_mean": 0.5170000000000001,
      "dominance_score": 2
    },
    "fixed_50ms_best": {
      "win_rate_mean": 0.259,
      "win_rate_se": 0.016688319268278632,
      "win_rate_ci_lower": 0.21266579765360968,
      "win_rate_ci_upper": 0.3053342023463903,
      "mean_score": 74.27000000000001,
      "mean_rank": 63.035000000000004,
      "p95_mean": 403.8,
      "p95_max": 407.0,
      "sims_mean": 2917.16546754256,
      "beats_baseline_in_seeds": 3,
      "pairwise_wpct_mean": 0.5173333333333334,
      "dominance_score": 3
    },
    "fixed_400ms_best": {
      "win_rate_mean": 0.229,
      "win_rate_se": 0.009273618495495706,
      "win_rate_ci_lower": 0.20325230732070917,
      "win_rate_ci_upper": 0.2547476926792908,
      "mean_score": 73.60799999999999,
      "mean_rank": 59.70399999999999,
      "p95_mean": 404.4,
      "p95_max": 406.0,
      "sims_mean": 2915.6349127014428,
      "beats_baseline_in_seeds": 2,
      "pairwise_wpct_mean": 0.484,
      "dominance_score": 1
    },
    "adaptive_bias": {
      "win_rate_mean": 0.23200000000000004,
      "win_rate_se": 0.014798648586948742,
      "win_rate_ci_lower": 0.19091236456722388,
      "win_rate_ci_upper": 0.2730876354327762,
      "mean_score": 73.8,
      "mean_rank": 60.1,
      "p95_mean": 403.8,
      "p95_max": 406.0,
      "sims_mean": 2918.7914330780054,
      "beats_baseline_in_seeds": 0,
      "pairwise_wpct_mean": 0.48166666666666663,
      "dominance_score": 0
    }
  }
}