{
  "ablation_vs_baseline": {
    "fixed_200ms_best": {
      "base_tuning": "adaptive_bias",
      "delta_mean_score": -2.980000000000004,
      "delta_win_rate": -0.026666666666666644
    },
    "fixed_400ms_best": {
      "base_tuning": "adaptive_bias",
      "delta_mean_score": -0.7400000000000091,
      "delta_win_rate": 0.018333333333333368
    },
    "fixed_50ms_best": {
      "base_tuning": "adaptive_bias",
      "delta_mean_score": -0.6599999999999966,
      "delta_win_rate": -0.051666666666666694
    }
  },
  "budget_compliance": {
    "adaptive_bias": {
      "actual_ms": 168.39064558629775,
      "configured_ms": 200,
      "diff_ms": -31.60935441370225,
      "max_ms": 249.0,
      "p50_ms": 200.0,
      "p95_ms": 202.0,
      "simulations_per_move": 2372.7292490118575
    },
    "fixed_200ms_best": {
      "actual_ms": 170.4944903581267,
      "configured_ms": 200,
      "diff_ms": -29.50550964187329,
      "max_ms": 275.0,
      "p50_ms": 200.0,
      "p95_ms": 202.0,
      "simulations_per_move": 2320.6535812672178
    },
    "fixed_400ms_best": {
      "actual_ms": 167.92077230359521,
      "configured_ms": 200,
      "diff_ms": -32.079227696404786,
      "max_ms": 260.0,
      "p50_ms": 200.0,
      "p95_ms": 202.0,
      "simulations_per_move": 2378.8621837549936
    },
    "fixed_50ms_best": {
      "actual_ms": 168.78929986789962,
      "configured_ms": 200,
      "diff_ms": -31.210700132100385,
      "max_ms": 252.0,
      "p50_ms": 200.0,
      "p95_ms": 202.0,
      "simulations_per_move": 2387.6301188903567
    }
  },
  "configured_time_ms": 200,
  "rankings": [
    {
      "avg_sims": 2378.8621837549936,
      "avg_time_ms": 167.92077230359521,
      "games_played": 100.0,
      "max_time_ms": 260.0,
      "mean_score": 74.6,
      "name": "fixed_400ms_best",
      "p50_time_ms": 200.0,
      "p95_time_ms": 202.0,
      "rank_score": 65.63333333333334,
      "win_rate": 0.2833333333333334,
      "win_rate_ci_lower": 0.20430721772988725,
      "win_rate_ci_upper": 0.3783905321763803
    },
    {
      "avg_sims": 2372.7292490118575,
      "avg_time_ms": 168.39064558629775,
      "games_played": 100.0,
      "max_time_ms": 249.0,
      "mean_score": 75.34,
      "name": "adaptive_bias",
      "p50_time_ms": 200.0,
      "p95_time_ms": 202.0,
      "rank_score": 64.17,
      "win_rate": 0.265,
      "win_rate_ci_lower": 0.18836356569056933,
      "win_rate_ci_upper": 0.35902399382315164
    },
    {
      "avg_sims": 2320.6535812672178,
      "avg_time_ms": 170.4944903581267,
      "games_played": 100.0,
      "max_time_ms": 275.0,
      "mean_score": 72.36,
      "name": "fixed_200ms_best",
      "p50_time_ms": 200.0,
      "p95_time_ms": 202.0,
      "rank_score": 60.013333333333335,
      "win_rate": 0.23833333333333337,
      "win_rate_ci_lower": 0.165494574911433,
      "win_rate_ci_upper": 0.3305327076676747
    },
    {
      "avg_sims": 2387.6301188903567,
      "avg_time_ms": 168.78929986789962,
      "games_played": 100.0,
      "max_time_ms": 252.0,
      "mean_score": 74.68,
      "name": "fixed_50ms_best",
      "p50_time_ms": 200.0,
      "p95_time_ms": 202.0,
      "rank_score": 58.67333333333333,
      "win_rate": 0.21333333333333332,
      "win_rate_ci_lower": 0.14443366505340088,
      "win_rate_ci_upper": 0.3034433578995068
    }
  ],
  "tunings_set": "adaptive_vs_best_fixed"
}
