{
  "ablation_vs_baseline": {
    "fixed_200ms_best": {
      "base_tuning": "adaptive_bias",
      "delta_mean_score": 0.6800000000000068,
      "delta_win_rate": -0.020000000000000018
    },
    "fixed_400ms_best": {
      "base_tuning": "adaptive_bias",
      "delta_mean_score": -0.29999999999999716,
      "delta_win_rate": -0.05000000000000002
    },
    "fixed_50ms_best": {
      "base_tuning": "adaptive_bias",
      "delta_mean_score": 2.3200000000000074,
      "delta_win_rate": 0.04999999999999999
    }
  },
  "budget_compliance": {
    "adaptive_bias": {
      "actual_ms": 305.95110515740123,
      "configured_ms": 400,
      "diff_ms": -94.04889484259877,
      "max_ms": 465.0,
      "p50_ms": 400.0,
      "p95_ms": 403.0,
      "simulations_per_move": 2969.9035498995313
    },
    "fixed_200ms_best": {
      "actual_ms": 302.27954847277556,
      "configured_ms": 400,
      "diff_ms": -97.72045152722444,
      "max_ms": 460.0,
      "p50_ms": 400.0,
      "p95_ms": 403.0,
      "simulations_per_move": 2976.0670650730412
    },
    "fixed_400ms_best": {
      "actual_ms": 302.2261103633917,
      "configured_ms": 400,
      "diff_ms": -97.77388963660832,
      "max_ms": 451.0,
      "p50_ms": 400.0,
      "p95_ms": 404.0,
      "simulations_per_move": 3000.205921938089
    },
    "fixed_50ms_best": {
      "actual_ms": 300.7660972404731,
      "configured_ms": 400,
      "diff_ms": -99.23390275952693,
      "max_ms": 466.0,
      "p50_ms": 400.0,
      "p95_ms": 402.0,
      "simulations_per_move": 3005.440867279895
    }
  },
  "configured_time_ms": 400,
  "rankings": [
    {
      "avg_sims": 3005.440867279895,
      "avg_time_ms": 300.7660972404731,
      "games_played": 100.0,
      "max_time_ms": 466.0,
      "mean_score": 75.65,
      "name": "fixed_50ms_best",
      "p50_time_ms": 400.0,
      "p95_time_ms": 402.0,
      "rank_score": 68.325,
      "win_rate": 0.305,
      "win_rate_ci_lower": 0.22336571268691052,
      "win_rate_ci_upper": 0.4010622622287302
    },
    {
      "avg_sims": 2969.9035498995313,
      "avg_time_ms": 305.95110515740123,
      "games_played": 100.0,
      "max_time_ms": 465.0,
      "mean_score": 73.33,
      "name": "adaptive_bias",
      "p50_time_ms": 400.0,
      "p95_time_ms": 403.0,
      "rank_score": 62.165,
      "win_rate": 0.255,
      "win_rate_ci_lower": 0.1797414904771767,
      "win_rate_ci_upper": 0.34838596518606424
    },
    {
      "avg_sims": 2976.0670650730412,
      "avg_time_ms": 302.27954847277556,
      "games_played": 100.0,
      "max_time_ms": 460.0,
      "mean_score": 74.01,
      "name": "fixed_200ms_best",
      "p50_time_ms": 400.0,
      "p95_time_ms": 403.0,
      "rank_score": 60.505,
      "win_rate": 0.235,
      "win_rate_ci_lower": 0.16266439731591167,
      "win_rate_ci_upper": 0.3269428506463693
    },
    {
      "avg_sims": 3000.205921938089,
      "avg_time_ms": 302.2261103633917,
      "games_played": 100.0,
      "max_time_ms": 451.0,
      "mean_score": 73.03,
      "name": "fixed_400ms_best",
      "p50_time_ms": 400.0,
      "p95_time_ms": 404.0,
      "rank_score": 57.015,
      "win_rate": 0.205,
      "win_rate_ci_lower": 0.13750216457723097,
      "win_rate_ci_upper": 0.29432477183361017
    }
  ],
  "tunings_set": "adaptive_vs_best_fixed"
}
