{
  "ablation_vs_baseline": {
    "eval_no_bias": {
      "base_tuning": "base_no_eval",
      "delta_mean_score": -0.25,
      "delta_win_rate": 0.03125
    },
    "eval_with_bias_0.1": {
      "base_tuning": "base_no_eval",
      "delta_mean_score": 5.875,
      "delta_win_rate": 0.15625
    },
    "eval_with_bias_0.25": {
      "base_tuning": "base_no_eval",
      "delta_mean_score": 0.1875,
      "delta_win_rate": -0.03125
    },
    "eval_with_bias_0.5": {
      "base_tuning": "base_no_eval",
      "delta_mean_score": 1.15625,
      "delta_win_rate": 0.0
    }
  },
  "budget_compliance": {
    "base_no_eval": {
      "actual_ms": 50.15833333333333,
      "configured_ms": 50,
      "diff_ms": 0.15833333333333144,
      "max_ms": 101.0,
      "p50_ms": 50.0,
      "p95_ms": 59.0,
      "simulations_per_move": 851.53125
    },
    "eval_no_bias": {
      "actual_ms": 50.220588235294116,
      "configured_ms": 50,
      "diff_ms": 0.22058823529411598,
      "max_ms": 97.0,
      "p50_ms": 50.0,
      "p95_ms": 60.0,
      "simulations_per_move": 879.4810924369748
    },
    "eval_with_bias_0.1": {
      "actual_ms": 50.053045186640475,
      "configured_ms": 50,
      "diff_ms": 0.05304518664047464,
      "max_ms": 157.0,
      "p50_ms": 50.0,
      "p95_ms": 55.0,
      "simulations_per_move": 909.2888015717092
    },
    "eval_with_bias_0.25": {
      "actual_ms": 50.06471816283925,
      "configured_ms": 50,
      "diff_ms": 0.0647181628392488,
      "max_ms": 132.0,
      "p50_ms": 50.0,
      "p95_ms": 57.19999999999993,
      "simulations_per_move": 830.8496868475992
    },
    "eval_with_bias_0.5": {
      "actual_ms": 49.321862348178136,
      "configured_ms": 50,
      "diff_ms": -0.6781376518218636,
      "max_ms": 138.0,
      "p50_ms": 50.0,
      "p95_ms": 57.0,
      "simulations_per_move": 929.8502024291498
    }
  },
  "configured_time_ms": 50,
  "rankings": [
    {
      "avg_sims": 909.2888015717092,
      "avg_time_ms": 50.053045186640475,
      "games_played": 32.0,
      "max_time_ms": 157.0,
      "mean_score": 80.3125,
      "name": "eval_with_bias_0.1",
      "p50_time_ms": 50.0,
      "p95_time_ms": 55.0,
      "rank_score": 77.65625,
      "win_rate": 0.375,
      "win_rate_ci_lower": 0.2293366846595921,
      "win_rate_ci_upper": 0.5474589941047487
    },
    {
      "avg_sims": 879.4810924369748,
      "avg_time_ms": 50.220588235294116,
      "games_played": 32.0,
      "max_time_ms": 97.0,
      "mean_score": 74.1875,
      "name": "eval_no_bias",
      "p50_time_ms": 50.0,
      "p95_time_ms": 60.0,
      "rank_score": 62.09375,
      "win_rate": 0.25,
      "win_rate_ci_lower": 0.1325224398262155,
      "win_rate_ci_upper": 0.42106891770246624
    },
    {
      "avg_sims": 929.8502024291498,
      "avg_time_ms": 49.321862348178136,
      "games_played": 32.0,
      "max_time_ms": 138.0,
      "mean_score": 75.59375,
      "name": "eval_with_bias_0.5",
      "p50_time_ms": 50.0,
      "p95_time_ms": 57.0,
      "rank_score": 59.671875,
      "win_rate": 0.21875,
      "win_rate_ci_lower": 0.11023696931531854,
      "win_rate_ci_upper": 0.3875533079044484
    },
    {
      "avg_sims": 851.53125,
      "avg_time_ms": 50.15833333333333,
      "games_played": 32.0,
      "max_time_ms": 101.0,
      "mean_score": 74.4375,
      "name": "base_no_eval",
      "p50_time_ms": 50.0,
      "p95_time_ms": 59.0,
      "rank_score": 59.09375,
      "win_rate": 0.21875,
      "win_rate_ci_lower": 0.11023696931531854,
      "win_rate_ci_upper": 0.3875533079044484
    },
    {
      "avg_sims": 830.8496868475992,
      "avg_time_ms": 50.06471816283925,
      "games_played": 32.0,
      "max_time_ms": 132.0,
      "mean_score": 74.625,
      "name": "eval_with_bias_0.25",
      "p50_time_ms": 50.0,
      "p95_time_ms": 57.19999999999993,
      "rank_score": 56.0625,
      "win_rate": 0.1875,
      "win_rate_ci_lower": 0.08889423936162782,
      "win_rate_ci_upper": 0.3530949575492244
    }
  ],
  "tunings_set": "ablation_leaf_eval"
}
