{
  "ablation_vs_baseline": {
    "fixed_200ms_best": {
      "base_tuning": "adaptive_bias",
      "delta_mean_score": -0.5699999999999932,
      "delta_win_rate": -0.024999999999999994
    },
    "fixed_400ms_best": {
      "base_tuning": "adaptive_bias",
      "delta_mean_score": -0.8100000000000023,
      "delta_win_rate": 0.04999999999999999
    },
    "fixed_50ms_best": {
      "base_tuning": "adaptive_bias",
      "delta_mean_score": -1.1200000000000045,
      "delta_win_rate": 0.03500000000000003
    }
  },
  "budget_compliance": {
    "adaptive_bias": {
      "actual_ms": 171.71287779237844,
      "configured_ms": 200,
      "diff_ms": -28.287122207621564,
      "max_ms": 227.0,
      "p50_ms": 200.0,
      "p95_ms": 202.0,
      "simulations_per_move": 2260.925755584757
    },
    "fixed_200ms_best": {
      "actual_ms": 172.74983187626094,
      "configured_ms": 200,
      "diff_ms": -27.25016812373906,
      "max_ms": 227.0,
      "p50_ms": 200.0,
      "p95_ms": 202.0,
      "simulations_per_move": 2226.1129791526564
    },
    "fixed_400ms_best": {
      "actual_ms": 171.00602006688962,
      "configured_ms": 200,
      "diff_ms": -28.99397993311038,
      "max_ms": 222.0,
      "p50_ms": 200.0,
      "p95_ms": 202.0,
      "simulations_per_move": 2295.50635451505
    },
    "fixed_50ms_best": {
      "actual_ms": 172.48278190411884,
      "configured_ms": 200,
      "diff_ms": -27.517218095881162,
      "max_ms": 215.0,
      "p50_ms": 200.0,
      "p95_ms": 202.0,
      "simulations_per_move": 2192.3828494260633
    }
  },
  "configured_time_ms": 200,
  "rankings": [
    {
      "avg_sims": 2295.50635451505,
      "avg_time_ms": 171.00602006688962,
      "games_played": 100.0,
      "max_time_ms": 222.0,
      "mean_score": 73.8,
      "name": "fixed_400ms_best",
      "p50_time_ms": 200.0,
      "p95_time_ms": 202.0,
      "rank_score": 65.39999999999999,
      "win_rate": 0.285,
      "win_rate_ci_lower": 0.2057651162237983,
      "win_rate_ci_upper": 0.3801426509908824
    },
    {
      "avg_sims": 2192.3828494260633,
      "avg_time_ms": 172.48278190411884,
      "games_played": 100.0,
      "max_time_ms": 215.0,
      "mean_score": 73.49,
      "name": "fixed_50ms_best",
      "p50_time_ms": 200.0,
      "p95_time_ms": 202.0,
      "rank_score": 63.745,
      "win_rate": 0.27,
      "win_rate_ci_lower": 0.1926946091766482,
      "win_rate_ci_upper": 0.3643230022623127
    },
    {
      "avg_sims": 2260.925755584757,
      "avg_time_ms": 171.71287779237844,
      "games_played": 100.0,
      "max_time_ms": 227.0,
      "mean_score": 74.61,
      "name": "adaptive_bias",
      "p50_time_ms": 200.0,
      "p95_time_ms": 202.0,
      "rank_score": 60.805,
      "win_rate": 0.235,
      "win_rate_ci_lower": 0.16266439731591167,
      "win_rate_ci_upper": 0.3269428506463693
    },
    {
      "avg_sims": 2226.1129791526564,
      "avg_time_ms": 172.74983187626094,
      "games_played": 100.0,
      "max_time_ms": 227.0,
      "mean_score": 74.04,
      "name": "fixed_200ms_best",
      "p50_time_ms": 200.0,
      "p95_time_ms": 202.0,
      "rank_score": 58.02,
      "win_rate": 0.21,
      "win_rate_ci_lower": 0.14165549531645788,
      "win_rate_ci_upper": 0.2998014930196232
    }
  ],
  "tunings_set": "adaptive_vs_best_fixed"
}
