{
  "ablation_vs_baseline": {
    "eval_no_bias": {
      "base_tuning": "base_no_eval",
      "delta_mean_score": -0.2750000000000057,
      "delta_win_rate": -0.04375000000000001
    },
    "eval_with_bias_0.1": {
      "base_tuning": "base_no_eval",
      "delta_mean_score": 0.0625,
      "delta_win_rate": -0.02812500000000001
    },
    "eval_with_bias_0.25": {
      "base_tuning": "base_no_eval",
      "delta_mean_score": 0.34375,
      "delta_win_rate": -0.009375000000000022
    },
    "eval_with_bias_0.5": {
      "base_tuning": "base_no_eval",
      "delta_mean_score": 0.9249999999999972,
      "delta_win_rate": 0.01874999999999999
    }
  },
  "budget_compliance": {
    "base_no_eval": {
      "actual_ms": 49.619357462383086,
      "configured_ms": 50,
      "diff_ms": -0.38064253761691447,
      "max_ms": 150.0,
      "p50_ms": 50.0,
      "p95_ms": 56.0,
      "simulations_per_move": 962.6067507116715
    },
    "eval_no_bias": {
      "actual_ms": 49.5990159901599,
      "configured_ms": 50,
      "diff_ms": -0.4009840098401014,
      "max_ms": 187.0,
      "p50_ms": 50.0,
      "p95_ms": 56.0,
      "simulations_per_move": 969.3489134891349
    },
    "eval_with_bias_0.1": {
      "actual_ms": 49.66844044207941,
      "configured_ms": 50,
      "diff_ms": -0.3315595579205919,
      "max_ms": 185.0,
      "p50_ms": 50.0,
      "p95_ms": 56.0,
      "simulations_per_move": 945.7101923864102
    },
    "eval_with_bias_0.25": {
      "actual_ms": 49.38048380483805,
      "configured_ms": 50,
      "diff_ms": -0.6195161951619497,
      "max_ms": 161.0,
      "p50_ms": 50.0,
      "p95_ms": 56.0,
      "simulations_per_move": 931.0315703157031
    },
    "eval_with_bias_0.5": {
      "actual_ms": 49.139871382636656,
      "configured_ms": 50,
      "diff_ms": -0.860128617363344,
      "max_ms": 138.0,
      "p50_ms": 50.0,
      "p95_ms": 55.0,
      "simulations_per_move": 964.326768488746
    }
  },
  "configured_time_ms": 50,
  "rankings": [
    {
      "avg_sims": 964.326768488746,
      "avg_time_ms": 49.139871382636656,
      "games_played": 160.0,
      "max_time_ms": 138.0,
      "mean_score": 76.925,
      "name": "eval_with_bias_0.5",
      "p50_time_ms": 50.0,
      "p95_time_ms": 55.0,
      "rank_score": 66.5875,
      "win_rate": 0.28125,
      "win_rate_ci_lower": 0.2173421732707303,
      "win_rate_ci_upper": 0.3554159052636589
    },
    {
      "avg_sims": 962.6067507116715,
      "avg_time_ms": 49.619357462383086,
      "games_played": 160.0,
      "max_time_ms": 150.0,
      "mean_score": 76.0,
      "name": "base_no_eval",
      "p50_time_ms": 50.0,
      "p95_time_ms": 56.0,
      "rank_score": 64.25,
      "win_rate": 0.2625,
      "win_rate_ci_lower": 0.20046534399003782,
      "win_rate_ci_upper": 0.33567199841872775
    },
    {
      "avg_sims": 931.0315703157031,
      "avg_time_ms": 49.38048380483805,
      "games_played": 160.0,
      "max_time_ms": 161.0,
      "mean_score": 76.34375,
      "name": "eval_with_bias_0.25",
      "p50_time_ms": 50.0,
      "p95_time_ms": 56.0,
      "rank_score": 63.484375,
      "win_rate": 0.253125,
      "win_rate_ci_lower": 0.1920836063154499,
      "win_rate_ci_upper": 0.3257433680305037
    },
    {
      "avg_sims": 945.7101923864102,
      "avg_time_ms": 49.66844044207941,
      "games_played": 160.0,
      "max_time_ms": 185.0,
      "mean_score": 76.0625,
      "name": "eval_with_bias_0.1",
      "p50_time_ms": 50.0,
      "p95_time_ms": 56.0,
      "rank_score": 61.46875,
      "win_rate": 0.234375,
      "win_rate_ci_lower": 0.1754402117815242,
      "win_rate_ci_upper": 0.3057660264388056
    },
    {
      "avg_sims": 969.3489134891349,
      "avg_time_ms": 49.5990159901599,
      "games_played": 160.0,
      "max_time_ms": 187.0,
      "mean_score": 75.725,
      "name": "eval_no_bias",
      "p50_time_ms": 50.0,
      "p95_time_ms": 56.0,
      "rank_score": 59.7375,
      "win_rate": 0.21875,
      "win_rate_ci_lower": 0.1617005549052376,
      "win_rate_ci_upper": 0.28898840321040575
    }
  ],
  "tunings_set": "ablation_leaf_eval"
}
