{
  "ablation_vs_baseline": {
    "eval_no_bias": {
      "base_tuning": "base_no_eval",
      "delta_mean_score": 8.75,
      "delta_win_rate": 0.0625
    },
    "eval_with_bias_0.1": {
      "base_tuning": "base_no_eval",
      "delta_mean_score": -1.375,
      "delta_win_rate": -0.125
    },
    "eval_with_bias_0.25": {
      "base_tuning": "base_no_eval",
      "delta_mean_score": 7.0,
      "delta_win_rate": 0.0625
    },
    "eval_with_bias_0.5": {
      "base_tuning": "base_no_eval",
      "delta_mean_score": 3.0,
      "delta_win_rate": -0.3125
    }
  },
  "budget_compliance": {
    "base_no_eval": {
      "actual_ms": 50.42372881355932,
      "configured_ms": 50,
      "diff_ms": 0.4237288135593218,
      "max_ms": 74.0,
      "p50_ms": 50.0,
      "p95_ms": 57.0,
      "simulations_per_move": 1123.7796610169491
    },
    "eval_no_bias": {
      "actual_ms": 49.698412698412696,
      "configured_ms": 50,
      "diff_ms": -0.30158730158730407,
      "max_ms": 151.0,
      "p50_ms": 50.0,
      "p95_ms": 55.0,
      "simulations_per_move": 1097.3333333333333
    },
    "eval_with_bias_0.1": {
      "actual_ms": 48.77777777777778,
      "configured_ms": 50,
      "diff_ms": -1.2222222222222214,
      "max_ms": 81.0,
      "p50_ms": 50.0,
      "p95_ms": 56.19999999999999,
      "simulations_per_move": 1015.6410256410256
    },
    "eval_with_bias_0.25": {
      "actual_ms": 51.53225806451613,
      "configured_ms": 50,
      "diff_ms": 1.5322580645161281,
      "max_ms": 154.0,
      "p50_ms": 50.0,
      "p95_ms": 67.39999999999998,
      "simulations_per_move": 1077.2096774193549
    },
    "eval_with_bias_0.5": {
      "actual_ms": 48.516129032258064,
      "configured_ms": 50,
      "diff_ms": -1.483870967741936,
      "max_ms": 89.0,
      "p50_ms": 50.0,
      "p95_ms": 55.849999999999994,
      "simulations_per_move": 1029.0806451612902
    }
  },
  "configured_time_ms": 50,
  "rankings": [
    {
      "avg_sims": 1097.3333333333333,
      "avg_time_ms": 49.698412698412696,
      "games_played": 8.0,
      "max_time_ms": 151.0,
      "mean_score": 80.875,
      "name": "eval_no_bias",
      "p50_time_ms": 50.0,
      "p95_time_ms": 55.0,
      "rank_score": 77.9375,
      "win_rate": 0.375,
      "win_rate_ci_lower": 0.13684175946152105,
      "win_rate_ci_upper": 0.6942621454161981
    },
    {
      "avg_sims": 1077.2096774193549,
      "avg_time_ms": 51.53225806451613,
      "games_played": 8.0,
      "max_time_ms": 154.0,
      "mean_score": 79.125,
      "name": "eval_with_bias_0.25",
      "p50_time_ms": 50.0,
      "p95_time_ms": 67.39999999999998,
      "rank_score": 77.0625,
      "win_rate": 0.375,
      "win_rate_ci_lower": 0.13684175946152105,
      "win_rate_ci_upper": 0.6942621454161981
    },
    {
      "avg_sims": 1123.7796610169491,
      "avg_time_ms": 50.42372881355932,
      "games_played": 8.0,
      "max_time_ms": 74.0,
      "mean_score": 72.125,
      "name": "base_no_eval",
      "p50_time_ms": 50.0,
      "p95_time_ms": 57.0,
      "rank_score": 67.3125,
      "win_rate": 0.3125,
      "win_rate_ci_lower": 0.10240597465834517,
      "win_rate_ci_upper": 0.6442498826582337
    },
    {
      "avg_sims": 1015.6410256410256,
      "avg_time_ms": 48.77777777777778,
      "games_played": 8.0,
      "max_time_ms": 81.0,
      "mean_score": 70.75,
      "name": "eval_with_bias_0.1",
      "p50_time_ms": 50.0,
      "p95_time_ms": 56.19999999999999,
      "rank_score": 54.125,
      "win_rate": 0.1875,
      "win_rate_ci_lower": 0.04454287545508048,
      "win_rate_ci_upper": 0.5332168867392175
    },
    {
      "avg_sims": 1029.0806451612902,
      "avg_time_ms": 48.516129032258064,
      "games_played": 8.0,
      "max_time_ms": 89.0,
      "mean_score": 75.125,
      "name": "eval_with_bias_0.5",
      "p50_time_ms": 50.0,
      "p95_time_ms": 55.849999999999994,
      "rank_score": 37.5625,
      "win_rate": 0.0,
      "win_rate_ci_lower": 0.0,
      "win_rate_ci_upper": 0.3244156195108769
    }
  ],
  "tunings_set": "ablation_leaf_eval"
}
