{
  "ablation_vs_baseline": {
    "fixed_200ms_best": {
      "base_tuning": "adaptive_bias",
      "delta_mean_score": -1.0700000000000074,
      "delta_win_rate": -0.044999999999999984
    },
    "fixed_400ms_best": {
      "base_tuning": "adaptive_bias",
      "delta_mean_score": 1.6899999999999977,
      "delta_win_rate": 0.09000000000000002
    },
    "fixed_50ms_best": {
      "base_tuning": "adaptive_bias",
      "delta_mean_score": -0.09000000000000341,
      "delta_win_rate": -0.0050000000000000044
    }
  },
  "budget_compliance": {
    "adaptive_bias": {
      "actual_ms": 49.11609498680739,
      "configured_ms": 50,
      "diff_ms": -0.8839050131926101,
      "max_ms": 114.0,
      "p50_ms": 50.0,
      "p95_ms": 53.0,
      "simulations_per_move": 1085.4696569920845
    },
    "fixed_200ms_best": {
      "actual_ms": 49.17718120805369,
      "configured_ms": 50,
      "diff_ms": -0.822818791946311,
      "max_ms": 103.0,
      "p50_ms": 50.0,
      "p95_ms": 52.0,
      "simulations_per_move": 1035.948322147651
    },
    "fixed_400ms_best": {
      "actual_ms": 49.01954397394137,
      "configured_ms": 50,
      "diff_ms": -0.9804560260586328,
      "max_ms": 140.0,
      "p50_ms": 50.0,
      "p95_ms": 53.0,
      "simulations_per_move": 1046.4762214983714
    },
    "fixed_50ms_best": {
      "actual_ms": 49.07321899736148,
      "configured_ms": 50,
      "diff_ms": -0.9267810026385206,
      "max_ms": 189.0,
      "p50_ms": 50.0,
      "p95_ms": 52.0,
      "simulations_per_move": 1098.9848284960422
    }
  },
  "configured_time_ms": 50,
  "rankings": [
    {
      "avg_sims": 1046.4762214983714,
      "avg_time_ms": 49.01954397394137,
      "games_played": 100.0,
      "max_time_ms": 140.0,
      "mean_score": 77.03,
      "name": "fixed_400ms_best",
      "p50_time_ms": 50.0,
      "p95_time_ms": 53.0,
      "rank_score": 71.515,
      "win_rate": 0.33,
      "win_rate_ci_lower": 0.24562983793895452,
      "win_rate_ci_upper": 0.4269483966028862
    },
    {
      "avg_sims": 1085.4696569920845,
      "avg_time_ms": 49.11609498680739,
      "games_played": 100.0,
      "max_time_ms": 114.0,
      "mean_score": 75.34,
      "name": "adaptive_bias",
      "p50_time_ms": 50.0,
      "p95_time_ms": 53.0,
      "rank_score": 61.67,
      "win_rate": 0.24,
      "win_rate_ci_lower": 0.16691211265459965,
      "win_rate_ci_upper": 0.3323251872329213
    },
    {
      "avg_sims": 1098.9848284960422,
      "avg_time_ms": 49.07321899736148,
      "games_played": 100.0,
      "max_time_ms": 189.0,
      "mean_score": 75.25,
      "name": "fixed_50ms_best",
      "p50_time_ms": 50.0,
      "p95_time_ms": 52.0,
      "rank_score": 61.125,
      "win_rate": 0.235,
      "win_rate_ci_lower": 0.16266439731591167,
      "win_rate_ci_upper": 0.3269428506463693
    },
    {
      "avg_sims": 1035.948322147651,
      "avg_time_ms": 49.17718120805369,
      "games_played": 100.0,
      "max_time_ms": 103.0,
      "mean_score": 74.27,
      "name": "fixed_200ms_best",
      "p50_time_ms": 50.0,
      "p95_time_ms": 52.0,
      "rank_score": 56.635,
      "win_rate": 0.195,
      "win_rate_ci_lower": 0.12924722097889874,
      "win_rate_ci_upper": 0.28331961158146246
    }
  ],
  "tunings_set": "adaptive_vs_best_fixed"
}
