{
  "n_seeds": 5,
  "underpowered": false,
  "base_tuning": "adaptive_bias",
  "tunings_set": "adaptive_vs_best_fixed",
  "metrics": {
    "adaptive_bias": {
      "win_rate_mean": 0.28200000000000003,
      "win_rate_se": 0.013285330255586423,
      "win_rate_ci_lower": 0.2451140098409409,
      "win_rate_ci_upper": 0.31888599015905916,
      "mean_score": 77.184,
      "mean_rank": 66.792,
      "p95_mean": 59.129999999999974,
      "p95_max": 61.649999999999864,
      "sims_mean": 866.5994963907364,
      "beats_baseline_in_seeds": 0,
      "pairwise_wpct_mean": 0.5309999999999999,
      "dominance_score": 3
    },
    "fixed_200ms_best": {
      "win_rate_mean": 0.22999999999999998,
      "win_rate_se": 0.029154759474226497,
      "win_rate_ci_lower": 0.1490534107645647,
      "win_rate_ci_upper": 0.3109465892354353,
      "mean_score": 76.05199999999999,
      "mean_rank": 61.025999999999996,
      "p95_mean": 58.209999999999994,
      "p95_max": 60.0,
      "sims_mean": 848.3900984028502,
      "beats_baseline_in_seeds": 1,
      "pairwise_wpct_mean": 0.48633333333333334,
      "dominance_score": 0
    },
    "fixed_400ms_best": {
      "win_rate_mean": 0.24899999999999997,
      "win_rate_se": 0.014525839046333948,
      "win_rate_ci_lower": 0.20866980528091503,
      "win_rate_ci_upper": 0.28933019471908494,
      "mean_score": 75.86800000000001,
      "mean_rank": 62.834,
      "p95_mean": 58.2,
      "p95_max": 60.0,
      "sims_mean": 851.8257698727773,
      "beats_baseline_in_seeds": 1,
      "pairwise_wpct_mean": 0.4923333333333334,
      "dominance_score": 2
    },
    "fixed_50ms_best": {
      "win_rate_mean": 0.23900000000000002,
      "win_rate_se": 0.021236760581595307,
      "win_rate_ci_lower": 0.18003730003297216,
      "win_rate_ci_upper": 0.29796269996702784,
      "mean_score": 75.934,
      "mean_rank": 61.867,
      "p95_mean": 57.8,
      "p95_max": 61.0,
      "sims_mean": 875.7943354961146,
      "beats_baseline_in_seeds": 1,
      "pairwise_wpct_mean": 0.49033333333333334,
      "dominance_score": 1
    }
  }
}