{
  "ablation_vs_baseline": {
    "fixed_200ms_best": {
      "base_tuning": "adaptive_bias",
      "delta_mean_score": 1.9100000000000108,
      "delta_win_rate": 0.04999999999999999
    },
    "fixed_400ms_best": {
      "base_tuning": "adaptive_bias",
      "delta_mean_score": -1.0,
      "delta_win_rate": -0.03
    },
    "fixed_50ms_best": {
      "base_tuning": "adaptive_bias",
      "delta_mean_score": 0.4100000000000108,
      "delta_win_rate": -0.04000000000000001
    }
  },
  "budget_compliance": {
    "adaptive_bias": {
      "actual_ms": 313.9398648648649,
      "configured_ms": 400,
      "diff_ms": -86.06013513513511,
      "max_ms": 479.0,
      "p50_ms": 400.0,
      "p95_ms": 405.0,
      "simulations_per_move": 2838.1256756756757
    },
    "fixed_200ms_best": {
      "actual_ms": 315.0568031704095,
      "configured_ms": 400,
      "diff_ms": -84.94319682959048,
      "max_ms": 488.0,
      "p50_ms": 400.0,
      "p95_ms": 405.0,
      "simulations_per_move": 2789.8811096433287
    },
    "fixed_400ms_best": {
      "actual_ms": 319.2856159669649,
      "configured_ms": 400,
      "diff_ms": -80.71438403303512,
      "max_ms": 513.0,
      "p50_ms": 400.0,
      "p95_ms": 406.0,
      "simulations_per_move": 2792.015829318651
    },
    "fixed_50ms_best": {
      "actual_ms": 314.87567204301075,
      "configured_ms": 400,
      "diff_ms": -85.12432795698925,
      "max_ms": 553.0,
      "p50_ms": 400.0,
      "p95_ms": 405.0,
      "simulations_per_move": 2805.787634408602
    }
  },
  "configured_time_ms": 400,
  "rankings": [
    {
      "avg_sims": 2789.8811096433287,
      "avg_time_ms": 315.0568031704095,
      "games_played": 100.0,
      "max_time_ms": 488.0,
      "mean_score": 75.04,
      "name": "fixed_200ms_best",
      "p50_time_ms": 400.0,
      "p95_time_ms": 405.0,
      "rank_score": 68.02000000000001,
      "win_rate": 0.305,
      "win_rate_ci_lower": 0.22336571268691052,
      "win_rate_ci_upper": 0.4010622622287302
    },
    {
      "avg_sims": 2838.1256756756757,
      "avg_time_ms": 313.9398648648649,
      "games_played": 100.0,
      "max_time_ms": 479.0,
      "mean_score": 73.13,
      "name": "adaptive_bias",
      "p50_time_ms": 400.0,
      "p95_time_ms": 405.0,
      "rank_score": 62.065,
      "win_rate": 0.255,
      "win_rate_ci_lower": 0.1797414904771767,
      "win_rate_ci_upper": 0.34838596518606424
    },
    {
      "avg_sims": 2792.015829318651,
      "avg_time_ms": 319.2856159669649,
      "games_played": 100.0,
      "max_time_ms": 513.0,
      "mean_score": 72.13,
      "name": "fixed_400ms_best",
      "p50_time_ms": 400.0,
      "p95_time_ms": 406.0,
      "rank_score": 58.565,
      "win_rate": 0.225,
      "win_rate_ci_lower": 0.15421388380301487,
      "win_rate_ci_upper": 0.3161332603087862
    },
    {
      "avg_sims": 2805.787634408602,
      "avg_time_ms": 314.87567204301075,
      "games_played": 100.0,
      "max_time_ms": 553.0,
      "mean_score": 73.54,
      "name": "fixed_50ms_best",
      "p50_time_ms": 400.0,
      "p95_time_ms": 405.0,
      "rank_score": 58.27,
      "win_rate": 0.215,
      "win_rate_ci_lower": 0.1458254892436155,
      "win_rate_ci_upper": 0.3052615510177056
    }
  ],
  "tunings_set": "adaptive_vs_best_fixed"
}
