{
  "ablation_vs_baseline": {
    "eval_no_bias": {
      "base_tuning": "base_no_eval",
      "delta_mean_score": -10.875,
      "delta_win_rate": -0.625
    },
    "eval_with_bias_0.1": {
      "base_tuning": "base_no_eval",
      "delta_mean_score": -12.125,
      "delta_win_rate": -0.625
    },
    "eval_with_bias_0.25": {
      "base_tuning": "base_no_eval",
      "delta_mean_score": -8.5,
      "delta_win_rate": -0.25
    },
    "eval_with_bias_0.5": {
      "base_tuning": "base_no_eval",
      "delta_mean_score": -84.625,
      "delta_win_rate": -0.625
    }
  },
  "budget_compliance": {
    "base_no_eval": {
      "actual_ms": 1040.3685639374448,
      "configured_ms": 200,
      "diff_ms": 840.3685639374448,
      "simulations_per_move": 42.55474452554745
    },
    "eval_no_bias": {
      "actual_ms": 224.51892097791037,
      "configured_ms": 200,
      "diff_ms": 24.51892097791037,
      "simulations_per_move": 38.666666666666664
    },
    "eval_with_bias_0.1": {
      "actual_ms": 225.38696924845377,
      "configured_ms": 200,
      "diff_ms": 25.386969248453767,
      "simulations_per_move": 31.116666666666667
    },
    "eval_with_bias_0.25": {
      "actual_ms": 225.02149747112605,
      "configured_ms": 200,
      "diff_ms": 25.021497471126054,
      "simulations_per_move": 43.32283464566929
    },
    "eval_with_bias_0.5": {
      "actual_ms": null,
      "configured_ms": 200,
      "diff_ms": -200.0,
      "simulations_per_move": null
    }
  },
  "configured_time_ms": 200,
  "rankings": [
    {
      "avg_sims": 42.55474452554745,
      "avg_time_ms": 1040.3685639374448,
      "games_played": 8.0,
      "mean_score": 84.625,
      "name": "base_no_eval",
      "rank_score": 104.8125,
      "win_rate": 0.625,
      "win_rate_ci_lower": 0.30573785458380187,
      "win_rate_ci_upper": 0.863158240538479
    },
    {
      "avg_sims": 43.32283464566929,
      "avg_time_ms": 225.02149747112605,
      "games_played": 8.0,
      "mean_score": 76.125,
      "name": "eval_with_bias_0.25",
      "rank_score": 75.5625,
      "win_rate": 0.375,
      "win_rate_ci_lower": 0.13684175946152105,
      "win_rate_ci_upper": 0.6942621454161981
    },
    {
      "avg_sims": 38.666666666666664,
      "avg_time_ms": 224.51892097791037,
      "games_played": 8.0,
      "mean_score": 73.75,
      "name": "eval_no_bias",
      "rank_score": 36.875,
      "win_rate": 0.0,
      "win_rate_ci_lower": 0.0,
      "win_rate_ci_upper": 0.3244156195108769
    },
    {
      "avg_sims": 31.116666666666667,
      "avg_time_ms": 225.38696924845377,
      "games_played": 8.0,
      "mean_score": 72.5,
      "name": "eval_with_bias_0.1",
      "rank_score": 36.25,
      "win_rate": 0.0,
      "win_rate_ci_lower": 0.0,
      "win_rate_ci_upper": 0.3244156195108769
    },
    {
      "avg_sims": null,
      "avg_time_ms": null,
      "games_played": 0.0,
      "mean_score": 0.0,
      "name": "eval_with_bias_0.5",
      "rank_score": 0.0,
      "win_rate": 0.0,
      "win_rate_ci_lower": 0.0,
      "win_rate_ci_upper": 0.0
    }
  ],
  "tunings_set": "ablation_leaf_eval"
}
