{
  "ablation_vs_baseline": {
    "fixed_200ms_best": {
      "base_tuning": "adaptive_bias",
      "delta_mean_score": -0.9299999999999926,
      "delta_win_rate": 0.015000000000000013
    },
    "fixed_400ms_best": {
      "base_tuning": "adaptive_bias",
      "delta_mean_score": 1.7600000000000051,
      "delta_win_rate": 0.010000000000000009
    },
    "fixed_50ms_best": {
      "base_tuning": "adaptive_bias",
      "delta_mean_score": -1.6499999999999915,
      "delta_win_rate": -0.065
    }
  },
  "budget_compliance": {
    "adaptive_bias": {
      "actual_ms": 171.7429906542056,
      "configured_ms": 200,
      "diff_ms": -28.257009345794387,
      "max_ms": 214.0,
      "p50_ms": 200.0,
      "p95_ms": 202.0,
      "simulations_per_move": 2236.851134846462
    },
    "fixed_200ms_best": {
      "actual_ms": 173.19243754220122,
      "configured_ms": 200,
      "diff_ms": -26.80756245779878,
      "max_ms": 217.0,
      "p50_ms": 200.0,
      "p95_ms": 202.0,
      "simulations_per_move": 2241.3835246455096
    },
    "fixed_400ms_best": {
      "actual_ms": 170.58896103896103,
      "configured_ms": 200,
      "diff_ms": -29.41103896103897,
      "max_ms": 216.0,
      "p50_ms": 200.0,
      "p95_ms": 202.0,
      "simulations_per_move": 2262.311038961039
    },
    "fixed_50ms_best": {
      "actual_ms": 172.19241192411923,
      "configured_ms": 200,
      "diff_ms": -27.807588075880773,
      "max_ms": 224.0,
      "p50_ms": 200.0,
      "p95_ms": 202.0,
      "simulations_per_move": 2221.3407859078593
    }
  },
  "configured_time_ms": 200,
  "rankings": [
    {
      "avg_sims": 2262.311038961039,
      "avg_time_ms": 170.58896103896103,
      "games_played": 100.0,
      "max_time_ms": 216.0,
      "mean_score": 76.39,
      "name": "fixed_400ms_best",
      "p50_time_ms": 200.0,
      "p95_time_ms": 202.0,
      "rank_score": 65.195,
      "win_rate": 0.27,
      "win_rate_ci_lower": 0.1926946091766482,
      "win_rate_ci_upper": 0.3643230022623127
    },
    {
      "avg_sims": 2241.3835246455096,
      "avg_time_ms": 173.19243754220122,
      "games_played": 100.0,
      "max_time_ms": 217.0,
      "mean_score": 73.7,
      "name": "fixed_200ms_best",
      "p50_time_ms": 200.0,
      "p95_time_ms": 202.0,
      "rank_score": 64.35000000000001,
      "win_rate": 0.275,
      "win_rate_ci_lower": 0.19703868861332055,
      "win_rate_ci_upper": 0.3696089747508804
    },
    {
      "avg_sims": 2236.851134846462,
      "avg_time_ms": 171.7429906542056,
      "games_played": 100.0,
      "max_time_ms": 214.0,
      "mean_score": 74.63,
      "name": "adaptive_bias",
      "p50_time_ms": 200.0,
      "p95_time_ms": 202.0,
      "rank_score": 63.315,
      "win_rate": 0.26,
      "win_rate_ci_lower": 0.18404578126986462,
      "win_rate_ci_upper": 0.35371172631861636
    },
    {
      "avg_sims": 2221.3407859078593,
      "avg_time_ms": 172.19241192411923,
      "games_played": 100.0,
      "max_time_ms": 224.0,
      "mean_score": 72.98,
      "name": "fixed_50ms_best",
      "p50_time_ms": 200.0,
      "p95_time_ms": 202.0,
      "rank_score": 55.99,
      "win_rate": 0.195,
      "win_rate_ci_lower": 0.12924722097889874,
      "win_rate_ci_upper": 0.28331961158146246
    }
  ],
  "tunings_set": "adaptive_vs_best_fixed"
}
