{
  "ablation_vs_baseline": {
    "fixed_200ms_best": {
      "base_tuning": "adaptive_bias",
      "delta_mean_score": 2.5,
      "delta_win_rate": 0.044999999999999984
    },
    "fixed_400ms_best": {
      "base_tuning": "adaptive_bias",
      "delta_mean_score": 0.480000000000004,
      "delta_win_rate": 0.0050000000000000044
    },
    "fixed_50ms_best": {
      "base_tuning": "adaptive_bias",
      "delta_mean_score": -0.01999999999999602,
      "delta_win_rate": -0.009999999999999981
    }
  },
  "budget_compliance": {
    "adaptive_bias": {
      "actual_ms": 308.332651670075,
      "configured_ms": 400,
      "diff_ms": -91.667348329925,
      "max_ms": 449.0,
      "p50_ms": 400.0,
      "p95_ms": 403.0,
      "simulations_per_move": 2956.0770279481935
    },
    "fixed_200ms_best": {
      "actual_ms": 300.3446033810143,
      "configured_ms": 400,
      "diff_ms": -99.65539661898572,
      "max_ms": 466.0,
      "p50_ms": 400.0,
      "p95_ms": 404.0,
      "simulations_per_move": 2985.371911573472
    },
    "fixed_400ms_best": {
      "actual_ms": 302.05089226701915,
      "configured_ms": 400,
      "diff_ms": -97.94910773298085,
      "max_ms": 490.0,
      "p50_ms": 400.0,
      "p95_ms": 404.0,
      "simulations_per_move": 2968.002643754131
    },
    "fixed_50ms_best": {
      "actual_ms": 303.46351351351353,
      "configured_ms": 400,
      "diff_ms": -96.53648648648647,
      "max_ms": 461.0,
      "p50_ms": 400.0,
      "p95_ms": 403.0,
      "simulations_per_move": 2961.683783783784
    }
  },
  "configured_time_ms": 400,
  "rankings": [
    {
      "avg_sims": 2985.371911573472,
      "avg_time_ms": 300.3446033810143,
      "games_played": 100.0,
      "max_time_ms": 466.0,
      "mean_score": 75.99,
      "name": "fixed_200ms_best",
      "p50_time_ms": 400.0,
      "p95_time_ms": 404.0,
      "rank_score": 66.49499999999999,
      "win_rate": 0.285,
      "win_rate_ci_lower": 0.2057651162237983,
      "win_rate_ci_upper": 0.3801426509908824
    },
    {
      "avg_sims": 2968.002643754131,
      "avg_time_ms": 302.05089226701915,
      "games_played": 100.0,
      "max_time_ms": 490.0,
      "mean_score": 73.97,
      "name": "fixed_400ms_best",
      "p50_time_ms": 400.0,
      "p95_time_ms": 404.0,
      "rank_score": 61.485,
      "win_rate": 0.245,
      "win_rate_ci_lower": 0.1711743896136187,
      "win_rate_ci_upper": 0.3376929621991423
    },
    {
      "avg_sims": 2956.0770279481935,
      "avg_time_ms": 308.332651670075,
      "games_played": 100.0,
      "max_time_ms": 449.0,
      "mean_score": 73.49,
      "name": "adaptive_bias",
      "p50_time_ms": 400.0,
      "p95_time_ms": 403.0,
      "rank_score": 60.745,
      "win_rate": 0.24,
      "win_rate_ci_lower": 0.16691211265459965,
      "win_rate_ci_upper": 0.3323251872329213
    },
    {
      "avg_sims": 2961.683783783784,
      "avg_time_ms": 303.46351351351353,
      "games_played": 100.0,
      "max_time_ms": 461.0,
      "mean_score": 73.47,
      "name": "fixed_50ms_best",
      "p50_time_ms": 400.0,
      "p95_time_ms": 403.0,
      "rank_score": 59.735,
      "win_rate": 0.23,
      "win_rate_ci_lower": 0.15843154746876406,
      "win_rate_ci_upper": 0.32154564856827694
    }
  ],
  "tunings_set": "adaptive_vs_best_fixed"
}
