{
  "ablation_vs_baseline": {
    "fixed_200ms_best": {
      "base_tuning": "adaptive_bias",
      "delta_mean_score": -2.5,
      "delta_win_rate": -0.02999999999999997
    },
    "fixed_400ms_best": {
      "base_tuning": "adaptive_bias",
      "delta_mean_score": -2.4299999999999926,
      "delta_win_rate": -0.07499999999999998
    },
    "fixed_50ms_best": {
      "base_tuning": "adaptive_bias",
      "delta_mean_score": -1.6700000000000017,
      "delta_win_rate": -0.034999999999999976
    }
  },
  "budget_compliance": {
    "adaptive_bias": {
      "actual_ms": 301.81599479843953,
      "configured_ms": 400,
      "diff_ms": -98.18400520156047,
      "max_ms": 420.0,
      "p50_ms": 400.0,
      "p95_ms": 403.0,
      "simulations_per_move": 3012.1371911573474
    },
    "fixed_200ms_best": {
      "actual_ms": 306.30944407233756,
      "configured_ms": 400,
      "diff_ms": -93.69055592766244,
      "max_ms": 436.0,
      "p50_ms": 400.0,
      "p95_ms": 402.0,
      "simulations_per_move": 2990.9243134628264
    },
    "fixed_400ms_best": {
      "actual_ms": 306.59706470980655,
      "configured_ms": 400,
      "diff_ms": -93.40293529019345,
      "max_ms": 460.0,
      "p50_ms": 400.0,
      "p95_ms": 402.0,
      "simulations_per_move": 2983.130086724483
    },
    "fixed_50ms_best": {
      "actual_ms": 304.1223544973545,
      "configured_ms": 400,
      "diff_ms": -95.87764550264552,
      "max_ms": 416.0,
      "p50_ms": 400.0,
      "p95_ms": 402.0,
      "simulations_per_move": 3007.1521164021165
    }
  },
  "configured_time_ms": 400,
  "rankings": [
    {
      "avg_sims": 3012.1371911573474,
      "avg_time_ms": 301.81599479843953,
      "games_played": 100.0,
      "max_time_ms": 420.0,
      "mean_score": 76.22,
      "name": "adaptive_bias",
      "p50_time_ms": 400.0,
      "p95_time_ms": 403.0,
      "rank_score": 66.61,
      "win_rate": 0.285,
      "win_rate_ci_lower": 0.2057651162237983,
      "win_rate_ci_upper": 0.3801426509908824
    },
    {
      "avg_sims": 2990.9243134628264,
      "avg_time_ms": 306.30944407233756,
      "games_played": 100.0,
      "max_time_ms": 436.0,
      "mean_score": 73.72,
      "name": "fixed_200ms_best",
      "p50_time_ms": 400.0,
      "p95_time_ms": 402.0,
      "rank_score": 62.36,
      "win_rate": 0.255,
      "win_rate_ci_lower": 0.1797414904771767,
      "win_rate_ci_upper": 0.34838596518606424
    },
    {
      "avg_sims": 3007.1521164021165,
      "avg_time_ms": 304.1223544973545,
      "games_played": 100.0,
      "max_time_ms": 416.0,
      "mean_score": 74.55,
      "name": "fixed_50ms_best",
      "p50_time_ms": 400.0,
      "p95_time_ms": 402.0,
      "rank_score": 62.275,
      "win_rate": 0.25,
      "win_rate_ci_lower": 0.1754509400372426,
      "win_rate_ci_upper": 0.3430464637007583
    },
    {
      "avg_sims": 2983.130086724483,
      "avg_time_ms": 306.59706470980655,
      "games_played": 100.0,
      "max_time_ms": 460.0,
      "mean_score": 73.79,
      "name": "fixed_400ms_best",
      "p50_time_ms": 400.0,
      "p95_time_ms": 402.0,
      "rank_score": 57.895,
      "win_rate": 0.21,
      "win_rate_ci_lower": 0.14165549531645788,
      "win_rate_ci_upper": 0.2998014930196232
    }
  ],
  "tunings_set": "adaptive_vs_best_fixed"
}
