{
  "ablation_vs_baseline": {
    "fixed_200ms_best": {
      "base_tuning": "adaptive_bias",
      "delta_mean_score": 1.210000000000008,
      "delta_win_rate": -0.065
    },
    "fixed_400ms_best": {
      "base_tuning": "adaptive_bias",
      "delta_mean_score": 1.2900000000000063,
      "delta_win_rate": 0.065
    },
    "fixed_50ms_best": {
      "base_tuning": "adaptive_bias",
      "delta_mean_score": 0.010000000000005116,
      "delta_win_rate": -0.020000000000000018
    }
  },
  "budget_compliance": {
    "adaptive_bias": {
      "actual_ms": 49.308100929614874,
      "configured_ms": 50,
      "diff_ms": -0.6918990703851264,
      "max_ms": 124.0,
      "p50_ms": 50.0,
      "p95_ms": 53.0,
      "simulations_per_move": 1019.6069057104913
    },
    "fixed_200ms_best": {
      "actual_ms": 48.97922077922078,
      "configured_ms": 50,
      "diff_ms": -1.0207792207792181,
      "max_ms": 150.0,
      "p50_ms": 50.0,
      "p95_ms": 52.0,
      "simulations_per_move": 1106.7149350649352
    },
    "fixed_400ms_best": {
      "actual_ms": 49.24317295188557,
      "configured_ms": 50,
      "diff_ms": -0.756827048114431,
      "max_ms": 138.0,
      "p50_ms": 50.0,
      "p95_ms": 54.0,
      "simulations_per_move": 1060.8979193758128
    },
    "fixed_50ms_best": {
      "actual_ms": 49.26653439153439,
      "configured_ms": 50,
      "diff_ms": -0.7334656084656075,
      "max_ms": 127.0,
      "p50_ms": 50.0,
      "p95_ms": 52.450000000000045,
      "simulations_per_move": 1055.6752645502645
    }
  },
  "configured_time_ms": 50,
  "rankings": [
    {
      "avg_sims": 1060.8979193758128,
      "avg_time_ms": 49.24317295188557,
      "games_played": 100.0,
      "max_time_ms": 138.0,
      "mean_score": 76.53,
      "name": "fixed_400ms_best",
      "p50_time_ms": 50.0,
      "p95_time_ms": 54.0,
      "rank_score": 70.265,
      "win_rate": 0.32,
      "win_rate_ci_lower": 0.2366901081545688,
      "win_rate_ci_upper": 0.4166280225367919
    },
    {
      "avg_sims": 1019.6069057104913,
      "avg_time_ms": 49.308100929614874,
      "games_played": 100.0,
      "max_time_ms": 124.0,
      "mean_score": 75.24,
      "name": "adaptive_bias",
      "p50_time_ms": 50.0,
      "p95_time_ms": 53.0,
      "rank_score": 63.12,
      "win_rate": 0.255,
      "win_rate_ci_lower": 0.1797414904771767,
      "win_rate_ci_upper": 0.34838596518606424
    },
    {
      "avg_sims": 1055.6752645502645,
      "avg_time_ms": 49.26653439153439,
      "games_played": 100.0,
      "max_time_ms": 127.0,
      "mean_score": 75.25,
      "name": "fixed_50ms_best",
      "p50_time_ms": 50.0,
      "p95_time_ms": 52.450000000000045,
      "rank_score": 61.125,
      "win_rate": 0.235,
      "win_rate_ci_lower": 0.16266439731591167,
      "win_rate_ci_upper": 0.3269428506463693
    },
    {
      "avg_sims": 1106.7149350649352,
      "avg_time_ms": 48.97922077922078,
      "games_played": 100.0,
      "max_time_ms": 150.0,
      "mean_score": 76.45,
      "name": "fixed_200ms_best",
      "p50_time_ms": 50.0,
      "p95_time_ms": 52.0,
      "rank_score": 57.225,
      "win_rate": 0.19,
      "win_rate_ci_lower": 0.1251465399270426,
      "win_rate_ci_upper": 0.27779024070807856
    }
  ],
  "tunings_set": "adaptive_vs_best_fixed"
}
