{
  "ablation_vs_baseline": {
    "fixed_200ms_best": {
      "base_tuning": "adaptive_bias",
      "delta_mean_score": 1.460000000000008,
      "delta_win_rate": 0.13
    },
    "fixed_400ms_best": {
      "base_tuning": "adaptive_bias",
      "delta_mean_score": 3.3299999999999983,
      "delta_win_rate": 0.09000000000000002
    },
    "fixed_50ms_best": {
      "base_tuning": "adaptive_bias",
      "delta_mean_score": -0.5799999999999983,
      "delta_win_rate": 0.01999999999999999
    }
  },
  "budget_compliance": {
    "adaptive_bias": {
      "actual_ms": 170.15641711229947,
      "configured_ms": 200,
      "diff_ms": -29.843582887700535,
      "max_ms": 232.0,
      "p50_ms": 200.0,
      "p95_ms": 202.0,
      "simulations_per_move": 2331.5080213903743
    },
    "fixed_200ms_best": {
      "actual_ms": 173.48474801061008,
      "configured_ms": 200,
      "diff_ms": -26.515251989389924,
      "max_ms": 233.0,
      "p50_ms": 200.0,
      "p95_ms": 202.0,
      "simulations_per_move": 2298.01525198939
    },
    "fixed_400ms_best": {
      "actual_ms": 169.69888961463096,
      "configured_ms": 200,
      "diff_ms": -30.301110385369043,
      "max_ms": 237.0,
      "p50_ms": 200.0,
      "p95_ms": 202.0,
      "simulations_per_move": 2304.0725016329197
    },
    "fixed_50ms_best": {
      "actual_ms": 169.84309764309765,
      "configured_ms": 200,
      "diff_ms": -30.15690235690235,
      "max_ms": 239.0,
      "p50_ms": 200.0,
      "p95_ms": 202.0,
      "simulations_per_move": 2277.3218855218856
    }
  },
  "configured_time_ms": 200,
  "rankings": [
    {
      "avg_sims": 2298.01525198939,
      "avg_time_ms": 173.48474801061008,
      "games_played": 100.0,
      "max_time_ms": 233.0,
      "mean_score": 75.29,
      "name": "fixed_200ms_best",
      "p50_time_ms": 200.0,
      "p95_time_ms": 202.0,
      "rank_score": 69.64500000000001,
      "win_rate": 0.32,
      "win_rate_ci_lower": 0.2366901081545688,
      "win_rate_ci_upper": 0.4166280225367919
    },
    {
      "avg_sims": 2304.0725016329197,
      "avg_time_ms": 169.69888961463096,
      "games_played": 100.0,
      "max_time_ms": 237.0,
      "mean_score": 77.16,
      "name": "fixed_400ms_best",
      "p50_time_ms": 200.0,
      "p95_time_ms": 202.0,
      "rank_score": 66.58,
      "win_rate": 0.28,
      "win_rate_ci_lower": 0.2013955916759837,
      "win_rate_ci_upper": 0.37488212361345724
    },
    {
      "avg_sims": 2277.3218855218856,
      "avg_time_ms": 169.84309764309765,
      "games_played": 100.0,
      "max_time_ms": 239.0,
      "mean_score": 73.25,
      "name": "fixed_50ms_best",
      "p50_time_ms": 200.0,
      "p95_time_ms": 202.0,
      "rank_score": 57.625,
      "win_rate": 0.21,
      "win_rate_ci_lower": 0.14165549531645788,
      "win_rate_ci_upper": 0.2998014930196232
    },
    {
      "avg_sims": 2331.5080213903743,
      "avg_time_ms": 170.15641711229947,
      "games_played": 100.0,
      "max_time_ms": 232.0,
      "mean_score": 73.83,
      "name": "adaptive_bias",
      "p50_time_ms": 200.0,
      "p95_time_ms": 202.0,
      "rank_score": 55.915,
      "win_rate": 0.19,
      "win_rate_ci_lower": 0.1251465399270426,
      "win_rate_ci_upper": 0.27779024070807856
    }
  ],
  "tunings_set": "adaptive_vs_best_fixed"
}
