{
  "ablation_vs_baseline": {
    "fixed_200ms_best": {
      "base_tuning": "adaptive_bias",
      "delta_mean_score": -0.5799999999999983,
      "delta_win_rate": -0.060000000000000026
    },
    "fixed_400ms_best": {
      "base_tuning": "adaptive_bias",
      "delta_mean_score": -0.8500000000000085,
      "delta_win_rate": -0.040000000000000036
    },
    "fixed_50ms_best": {
      "base_tuning": "adaptive_bias",
      "delta_mean_score": -0.09000000000000341,
      "delta_win_rate": -0.020000000000000018
    }
  },
  "budget_compliance": {
    "adaptive_bias": {
      "actual_ms": 174.54862508383636,
      "configured_ms": 200,
      "diff_ms": -25.451374916163644,
      "max_ms": 289.0,
      "p50_ms": 200.0,
      "p95_ms": 208.0,
      "simulations_per_move": 2157.3018108651913
    },
    "fixed_200ms_best": {
      "actual_ms": 174.90202702702703,
      "configured_ms": 200,
      "diff_ms": -25.09797297297297,
      "max_ms": 336.0,
      "p50_ms": 200.0,
      "p95_ms": 208.0,
      "simulations_per_move": 2130.431756756757
    },
    "fixed_400ms_best": {
      "actual_ms": 174.69500674763833,
      "configured_ms": 200,
      "diff_ms": -25.30499325236167,
      "max_ms": 279.0,
      "p50_ms": 200.0,
      "p95_ms": 209.0,
      "simulations_per_move": 2088.2780026990554
    },
    "fixed_50ms_best": {
      "actual_ms": 175.56018829858775,
      "configured_ms": 200,
      "diff_ms": -24.439811701412253,
      "max_ms": 338.0,
      "p50_ms": 200.0,
      "p95_ms": 209.0,
      "simulations_per_move": 2115.943510423672
    }
  },
  "configured_time_ms": 200,
  "rankings": [
    {
      "avg_sims": 2157.3018108651913,
      "avg_time_ms": 174.54862508383636,
      "games_played": 100.0,
      "max_time_ms": 289.0,
      "mean_score": 74.01,
      "name": "adaptive_bias",
      "p50_time_ms": 200.0,
      "p95_time_ms": 208.0,
      "rank_score": 65.00500000000001,
      "win_rate": 0.28,
      "win_rate_ci_lower": 0.2013955916759837,
      "win_rate_ci_upper": 0.37488212361345724
    },
    {
      "avg_sims": 2115.943510423672,
      "avg_time_ms": 175.56018829858775,
      "games_played": 100.0,
      "max_time_ms": 338.0,
      "mean_score": 73.92,
      "name": "fixed_50ms_best",
      "p50_time_ms": 200.0,
      "p95_time_ms": 209.0,
      "rank_score": 62.96,
      "win_rate": 0.26,
      "win_rate_ci_lower": 0.18404578126986462,
      "win_rate_ci_upper": 0.35371172631861636
    },
    {
      "avg_sims": 2088.2780026990554,
      "avg_time_ms": 174.69500674763833,
      "games_played": 100.0,
      "max_time_ms": 279.0,
      "mean_score": 73.16,
      "name": "fixed_400ms_best",
      "p50_time_ms": 200.0,
      "p95_time_ms": 209.0,
      "rank_score": 60.58,
      "win_rate": 0.24,
      "win_rate_ci_lower": 0.16691211265459965,
      "win_rate_ci_upper": 0.3323251872329213
    },
    {
      "avg_sims": 2130.431756756757,
      "avg_time_ms": 174.90202702702703,
      "games_played": 100.0,
      "max_time_ms": 336.0,
      "mean_score": 73.43,
      "name": "fixed_200ms_best",
      "p50_time_ms": 200.0,
      "p95_time_ms": 208.0,
      "rank_score": 58.715,
      "win_rate": 0.22,
      "win_rate_ci_lower": 0.15001174503655804,
      "win_rate_ci_upper": 0.3107053471500031
    }
  ],
  "tunings_set": "adaptive_vs_best_fixed"
}
