{
  "n_seeds": 5,
  "underpowered": false,
  "base_tuning": "adaptive_bias",
  "tunings_set": "adaptive_vs_best_fixed",
  "metrics": {
    "adaptive_bias": {
      "win_rate_mean": 0.261,
      "win_rate_se": 0.01623268308074793,
      "win_rate_ci_lower": 0.2159308465162303,
      "win_rate_ci_upper": 0.30606915348376973,
      "mean_score": 76.248,
      "mean_rank": 64.224,
      "p95_mean": 53.51999999999998,
      "p95_max": 55.0,
      "sims_mean": 1066.0812115622953,
      "beats_baseline_in_seeds": 0,
      "pairwise_wpct_mean": 0.4973333333333333,
      "dominance_score": 1
    },
    "fixed_400ms_best": {
      "win_rate_mean": 0.286,
      "win_rate_se": 0.021118712081942877,
      "win_rate_ci_lower": 0.22736505521200806,
      "win_rate_ci_upper": 0.3446349447879919,
      "mean_score": 76.838,
      "mean_rank": 67.01899999999999,
      "p95_mean": 53.2,
      "p95_max": 54.0,
      "sims_mean": 1069.7823722462788,
      "beats_baseline_in_seeds": 3,
      "pairwise_wpct_mean": 0.5213333333333333,
      "dominance_score": 3
    },
    "fixed_50ms_best": {
      "win_rate_mean": 0.217,
      "win_rate_se": 0.010793516572461451,
      "win_rate_ci_lower": 0.18703239374451808,
      "win_rate_ci_upper": 0.24696760625548192,
      "mean_score": 75.674,
      "mean_rank": 59.537,
      "p95_mean": 53.290000000000006,
      "p95_max": 55.0,
      "sims_mean": 1072.121347004067,
      "beats_baseline_in_seeds": 0,
      "pairwise_wpct_mean": 0.48133333333333334,
      "dominance_score": 0
    },
    "fixed_200ms_best": {
      "win_rate_mean": 0.236,
      "win_rate_se": 0.027721832551258218,
      "win_rate_ci_lower": 0.1590318537059461,
      "win_rate_ci_upper": 0.3129681462940539,
      "mean_score": 76.21,
      "mean_rank": 61.705,
      "p95_mean": 53.0,
      "p95_max": 55.0,
      "sims_mean": 1073.2171305622562,
      "beats_baseline_in_seeds": 2,
      "pairwise_wpct_mean": 0.5,
      "dominance_score": 2
    }
  }
}